Nombre,Codigo,descripcion,Stock,StockMinimo,PrecioUnitario,Observaciones,Rentabilidad,Iva,CostoInterno,Deposito,CodigoBarra,Rubro,SubRubro,PrecioAutomatico
SOQUETES DEL ABORTO,100,SOQUETES DEL ABORTO,67,,230.58,,,21,37.88,Maga,,OTRO,Mutz,
BOMBACHA DE NENA ALGODÓN TALLE 1,10001,BOMBACHA DE NENA ALGODÓN TALLE 1,67,,252.07,,,21,133.33,Maga,,OTRO,Mariana K,
BOMBACHA DE NENA ALGODÓN TALLE 2,10002,BOMBACHA DE NENA ALGODÓN TALLE 2,4,,252.07,,,21,133.33,Maga,,OTRO,Mariana K,
BOMBACHA DE NENA ALGODÓN TALLE 3,10003,BOMBACHA DE NENA ALGODÓN TALLE 3,3,,252.07,,,21,133.33,Maga,,OTRO,Mariana K,
BOMBACHITA DE BEBE CHERRY TALLE 1,1001,BOMBACHITA DE BEBE CHERRY TALLE 1,2,,384.3,,,21,211.11,Maga,,OTRO,Cherry,
SUECO DE GOMA SEAWALK FUCSIA TALLE 19-20,100FUCSIAT1920,SUECO DE GOMA SEAWALK FUCSIA TALLE 19-20,76,,2347.11,,,21,1452.55,Maga,,Medias,Seawalk,
SUECO DE GOMA SEAWALK FUCSIA TALLE 21-22,100FUCSIAT2122,SUECO DE GOMA SEAWALK FUCSIA TALLE 21-22,76,,2347.11,,,21,1452.55,Maga,,Medias,Seawalk,
SUECO DE GOMA SEAWALK FUCSIA TALLE 23-24,100FUCSIAT2324,SUECO DE GOMA SEAWALK FUCSIA TALLE 23-24,10,,2347.11,,,21,1452.55,Maga,,Medias,Seawalk,
SUECO DE GOMA SEAWALK FUCSIA TALLE 25-26,100FUCSIAT2526,SUECO DE GOMA SEAWALK FUCSIA TALLE 25-26,10,,2347.11,,,21,1452.55,Maga,,Medias,Seawalk,
SUECO DE GOMA SEAWALK FUCSIA TALLE 27-28,100FUCSIAT2728,SUECO DE GOMA SEAWALK FUCSIA TALLE 27-28,10,,2347.11,,,21,1452.55,Maga,,Medias,Seawalk,
SUECO DE GOMA SEAWALK FUCSIA TALLE 29-30,100FUCSIAT2930,SUECO DE GOMA SEAWALK FUCSIA TALLE 29-30,9,,2347.11,,,21,1452.55,Maga,,Medias,Seawalk,
SUECO DE GOMA SEAWALK FUCSIA TALLE 31-32,100FUCSIAT3132,SUECO DE GOMA SEAWALK FUCSIA TALLE 31-32,9,,2347.11,,,21,1452.55,Maga,,Medias,Seawalk,
BOXER BARAK DE NIÑO LISO TALLE 6,1016,BOXER BARAK DE NIÑO LISO TALLE 6,3,,599.17,,,21,294.21,Maga,,Boxers,Barak,
BOXER BARAK DE NIÑO LISO TALLE 8,1018,BOXER BARAK DE NIÑO LISO TALLE 8,6,,599.17,,,21,294.21,Maga,,Boxers,Barak,
TOALLA DE SECADO RÁPIDO 70*140 BORDO,111BO,TOALLA DE SECADO RÁPIDO 70*140 BORDO,3,,2396.69,,,21,1263.72,Maga,,Toallas,Amarelo,
TOALLA DE SECADO RÁPIDO 70*140 ROJO,111RJ,TOALLA DE SECADO RÁPIDO 70*140 ROJO,5,,2396.69,,,21,1263.72,Maga,,Toallas,Amarelo,
TOALLA DE SECADO RÁPIDO 70*140 VERDE AGUA,111VA,TOALLA DE SECADO RÁPIDO 70*140 VERDE AGUA,3,,2396.69,,,21,1263.72,Maga,,Toallas,Amarelo,
PANTALÓN PIJAMA ALGODÓN Y LYCRA DUFOUR NEGRO TALLE M,11857NM,PANTALÓN PIJAMA ALGODÓN Y LYCRA DUFOUR NEGRO TALLE M,4,,3260.33,,,21,2077.67,Maga,,Pijamas,Dufour,
BOXER RAYADO SEAMLESS DE NIÑO DUFOUR TALLE 4,118694,BOXER RAYADO SEAMLESS DE NIÑO DUFOUR TALLE 4,6,,730.58,,,21,388.97,Maga,,Boxers,Dufour,
REMERA PIJAMA JERSEY ALGODÓN MANGA LARGA DUFOUR NEGRA TALLE M,11899NM,REMERA PIJAMA JERSEY ALGODÓN MANGA LARGA DUFOUR NEGRA TALLE M,6,,2020.66,,,21,1211.98,Maga,,Pijamas,Dufour,
REMERA PIJAMA JERSEY ALGODÓN MANGA LARGA DUFOUR NEGRA TALLE S,11899NS,REMERA PIJAMA JERSEY ALGODÓN MANGA LARGA DUFOUR NEGRA TALLE S,4,,2020.66,,,21,1211.98,Maga,,Pijamas,Dufour,
BOXER LARGO MICROFIBRA SIN COSTURA DUFOUR KIDS NEGRO TALLE 12,11941N12,BOXER LARGO MICROFIBRA SIN COSTURA DUFOUR KIDS NEGRO TALLE 12,3,,1730.58,,,21,1021.52,Maga,,Boxers,Dufour,
CAMISETA HOMBRE DUFOUR NEGRA TALLE S,11945NS,CAMISETA HOMBRE DUFOUR NEGRA TALLE S,5,,3673.55,,,21,2354.69,Maga,,Underware,Dufour,
CAMISETA TÉRMICA HOMBRE DUFOUR NEGRA TALLE XL,11945NXL,CAMISETA TÉRMICA HOMBRE DUFOUR NEGRA TALLE XL,6,,3673.55,,,21,2354.69,Maga,,Underware,Dufour,
BOMBACHITA DE BEBE ANIMADA CHERRY TALLE 3,119A3,BOMBACHITA DE BEBE ANIMADA CHERRY TALLE 3,4,,413.22,,,21,221.34,Maga,,Basica,Cherry,
BOXER BARAK DE NIÑO RAYADO TALLE 10,12010,BOXER BARAK DE NIÑO RAYADO TALLE 10,3,,599.17,,,21,302.48,Maga,,Boxers,Barak,
BOXER DUFOUR LABRADO DE ALGODÓN TALLE M,12056M,BOXER DUFOUR LABRADO DE ALGODÓN TALLE M,6,,995.87,,,21,583.46,Maga,,Boxers,Dufour,
BOXER LISO SEAMLESS DE NIÑO DUFOUR TALLE 10,1209310,BOXER LISO SEAMLESS DE NIÑO DUFOUR TALLE 10,3,,756.2,,,21,406.65,Maga,,Boxers,Dufour,
PACK X 3 COLALESS REGULABLES ENCAJE BLANCO HUESO Y ROJO,12BHR,PACK X 3 COLALESS REGULABLES ENCAJE BLANCO HUESO Y ROJO,5,,821.49,,,21,430,Maga,,Basica,Mariana K,
PACK X 3 COLALESS REGULABLES ENCAJE NEGRO HUESO Y BLANCO,12NHB,PACK X 3 COLALESS REGULABLES ENCAJE NEGRO HUESO Y BLANCO,4,,821.49,,,21,430,Maga,,Basica,Mariana K,
CORPIÑO DE BRETELES CON PUNTILLA AZUL TALLE M ARETHA,1392AZM,CORPIÑO DE BRETELES CON PUNTILLA AZUL TALLE M ARETHA,4,,1643.8,,,21,1002.15,Maga,,Basica,Aretha,
CORPIÑO DE BRETELES CON PUNTILLA BLANCO TALLE L ARETHA,1392BLL,CORPIÑO DE BRETELES CON PUNTILLA BLANCO TALLE L ARETHA,3,,1643.8,,,21,1002.15,Maga,,Basica,Aretha,
CORPIÑO DE BRETELES CON PUNTILLA BLANCO TALLE M ARETHA,1392BLM,CORPIÑO DE BRETELES CON PUNTILLA BLANCO TALLE M ARETHA,3,,1643.8,,,21,1002.15,Maga,,Basica,Aretha,
CORPIÑO DE BRETELES CON PUNTILLA NOUGAT TALLE M ARETHA,1392NOM,CORPIÑO DE BRETELES CON PUNTILLA NOUGAT TALLE M ARETHA,3,,1643.8,,,21,1002.15,Maga,,Basica,Aretha,
CORPIÑO DE BRETELES CON PUNTILLA NOUGAT TALLE S ARETHA,1392NOS,CORPIÑO DE BRETELES CON PUNTILLA NOUGAT TALLE S ARETHA,3,,1643.8,,,21,1002.15,Maga,,Basica,Aretha,
COLALESS ARETHA AZUL TALLE S,1393AZS,COLALESS ARETHA AZUL TALLE S,3,,1132.23,,,21,662.15,Maga,,Basica,Aretha,
COLALESS ARETHA BLANCO TALLE L,1393BLL,COLALESS ARETHA BLANCO TALLE L,4,,1132.23,,,21,662.15,Maga,,Basica,Aretha,
COLALESS ARETHA BLANCO TALLE S,1393BLS,COLALESS ARETHA BLANCO TALLE S,3,,1132.23,,,21,662.15,Maga,,Basica,Aretha,
COLALESS ARETHA NEGRO TALLE S,1393NES,COLALESS ARETHA NEGRO TALLE S,3,,1132.23,,,21,662.15,Maga,,Basica,Aretha,
COLALESS ARETHA NOUGAT TALLE M,1393NOM,COLALESS ARETHA NOUGAT TALLE M,3,,1132.23,,,21,662.15,Maga,,Basica,Aretha,
COLALESS ARETHA NOUGAT TALLE S,1393NOS,COLALESS ARETHA NOUGAT TALLE S,3,,1132.23,,,21,662.15,Maga,,Basica,Aretha,
BOXER DE ALGODÓN ZORBA 143 TALLE XXL,143EXXL,BOXER DE ALGODÓN ZORBA 143 TALLE XXL,3,,611.57,,,21,360,Maga,,Boxers,Mutz,
BOXER DE ALGODÓN ZORBA 143 TALLE L,143L,BOXER DE ALGODÓN ZORBA 143 TALLE L,6,,611.57,,,21,336,Maga,,Boxers,Mutz,
BOXER DE ALGODÓN ZORBA 143 TALLE M,143M,BOXER DE ALGODÓN ZORBA 143 TALLE M,6,,611.57,,,21,336,Maga,,Boxers,Mutz,
BOXER DE ALGODÓN ZORBA 143 TALLE S,143S,BOXER DE ALGODÓN ZORBA 143 TALLE S,6,,611.57,,,21,304,Maga,,Boxers,Mutz,
POLERA INFANTIL ALGODÒN TALLE 10,15710,POLERA INFANTIL ALGODÒN TALLE 10,5,,1144.63,,,21,580,Maga,,Basica,Cherry,
POLERA INFANTIL ALGODÒN TALLE 12,15712,POLERA INFANTIL ALGODÒN TALLE 12,5,,1144.63,,,21,580,Maga,,Basica,Cherry,
POLERA INFANTIL ALGODÒN TALLE 16,15716,POLERA INFANTIL ALGODÒN TALLE 16,6,,1144.63,,,21,580,Maga,,Basica,Cherry,
POLERA INFANTIL ALGODÒN TALLE 18,15718,POLERA INFANTIL ALGODÒN TALLE 18,6,,1144.63,,,21,580,Maga,,Basica,Cherry,
SUECO DE GOMA SEAWALK SPIDER TALLE 19-20,166T1920,SUECO DE GOMA SEAWALK SPIDER TALLE 19-20,3,,3461.98,,,21,2200.2,Maga,,Calzado,Seawalk,
SUECO DE GOMA SEAWALK PERRITO TALLE 21-22,170T2122,SUECO DE GOMA SEAWALK PERRITO TALLE 21-22,6,,3461.98,,,21,2200.2,Maga,,Calzado,Seawalk,
SUECO DE GOMA SEAWALK UNICORNIO TALLE 19-20,173T1920,SUECO DE GOMA SEAWALK UNICORNIO TALLE 19-20,5,,3461.98,,,21,2200.2,Maga,,Calzado,Seawalk,
SUECO DE GOMA SEAWALK LOLI TALLE 21-22,174T2122,SUECO DE GOMA SEAWALK LOLI TALLE 21-22,6,,3461.98,,,21,2200.2,Maga,,Calzado,Seawalk,
SUECO DE GOMA SEAWALK PLAY TALLE 19-20,178T1920,SUECO DE GOMA SEAWALK PLAY TALLE 19-20,4,,3461.98,,,21,2200.2,Maga,,Calzado,Seawalk,
SUECO DE GOMA SEAWALK PLAY TALLE 21-22,178T2122,SUECO DE GOMA SEAWALK PLAY TALLE 21-22,6,,3461.98,,,21,2200.2,Maga,,Calzado,Seawalk,
SOQUETES DE RED NEGROS NIBEL,193N,SOQUETES DE RED NEGROS NIBEL,4,,561.16,,,21,304.003,Maga,,Basica,Nibel,
CONJUNTO JUVENIL CORPIÑO Y VEDETINA ESTAMPADO T10,19510,CONJUNTO JUVENIL CORPIÑO Y VEDETINA ESTAMPADO T10,3,,900,,,21,505.92,Maga,,Basica,Cherry,
CONJUNTO JUVENIL CORPIÑO Y VEDETINA ESTAMPADO T12,19512,CONJUNTO JUVENIL CORPIÑO Y VEDETINA ESTAMPADO T12,5,,900,,,21,505.92,Maga,,Basica,Cherry,
CONJUNTO JUVENIL CORPIÑO Y VEDETINA ESTAMPADO T14,19514,CONJUNTO JUVENIL CORPIÑO Y VEDETINA ESTAMPADO T14,3,,900,,,21,505.92,Maga,,Basica,Cherry,
CONJUNTO JUVENIL CORPIÑO Y MINISHORT ESTAMPADO T10,19610,CONJUNTO JUVENIL CORPIÑO Y MINISHORT ESTAMPADO T10,6,,900,,,21,505.92,Maga,,Basica,Cherry,
CONJUNTO JUVENIL CORPIÑO Y MINISHORT ESTAMPADO T12,19612,CONJUNTO JUVENIL CORPIÑO Y MINISHORT ESTAMPADO T12,6,,900,,,21,505.92,Maga,,Basica,Cherry,
CONJUNTO JUVENIL CORPIÑO Y VEDETINA BLANCO T10,19710,CONJUNTO JUVENIL CORPIÑO Y VEDETINA BLANCO T10,4,,900,,,21,451.98,Maga,,Basica,Cherry,
CONJUNTO JUVENIL CORPIÑO Y VEDETINA BLANCO T12,19712,CONJUNTO JUVENIL CORPIÑO Y VEDETINA BLANCO T12,4,,900,,,21,451.98,Maga,,Basica,Cherry,
CONJUNTO JUVENIL CORPIÑO Y MINISHORT BLANCO T10,19810,CONJUNTO JUVENIL CORPIÑO Y MINISHORT BLANCO T10,5,,900,,,21,451.98,Maga,,Basica,Cherry,
CONJUNTO JUVENIL CORPIÑO Y MINISHORT BLANCO T12,19812,CONJUNTO JUVENIL CORPIÑO Y MINISHORT BLANCO T12,5,,900,,,21,451.98,Maga,,Basica,Cherry,
CONJUNTO JUVENIL CORPIÑO Y MINISHORT BLANCO T14,19814,CONJUNTO JUVENIL CORPIÑO Y MINISHORT BLANCO T14,5,,900,,,21,451.98,Maga,,Basica,Cherry,
BOXER MARADONA DE ADULTO LISO TALLE L,1986L,BOXER MARADONA DE ADULTO LISO TALLE L,5,,731.4,,,21,386.78,Maga,,Boxers,Barak,
BOXER MARADONA DE ADULTO LISO TALLE XL,1986XL,BOXER MARADONA DE ADULTO LISO TALLE XL,6,,731.4,,,21,386.78,Maga,,Boxers,Barak,
SUECO DE GOMA SEAWALK NAVY TALLE 35-36,200NAVYT3536,SUECO DE GOMA SEAWALK NAVY TALLE 35-36,5,,2635.54,,,21,1659.65,Maga,,Calzado,Seawalk,
SUECO DE GOMA SEAWALK NAVY TALLE 39-40,200NAVYT3940,SUECO DE GOMA SEAWALK NAVY TALLE 39-40,6,,2635.54,,,21,1659.65,Maga,,Calzado,Seawalk,
SUECO DE GOMA SEAWALK NEGRO TALLE 35-36,200NEGROT3536,SUECO DE GOMA SEAWALK NEGRO TALLE 35-36,6,,2635.54,,,21,1659.65,Maga,,Calzado,Seawalk,
PIJAMA DE NENA MINNIE COCOT TALLE 6,203256,PIJAMA DE NENA MINNIE COCOT TALLE 6,3,,2971.07,,,21,1888.84,Maga,,Pijamas,Cocot,
3 PARES DE MEDIAS DEPORTIVAS CORTAS DUFOUR CON LOGO Y PUÑO COLOR,2039.3,3 PARES DE MEDIAS DEPORTIVAS CORTAS DUFOUR CON LOGO Y PUÑO COLOR,5,,938.02,,,21,518.71,Maga,,Medias,Dufour,
PIJAMA DE NENE REY LEÓN DUFOUR TALLE 10,2050110,PIJAMA DE NENE REY LEÓN DUFOUR TALLE 10,3,,2557.85,,,21,1624.4,Maga,,Pijamas,Dufour,
PIJAMA DE NENE REY LEÓN DUFOUR TALLE 8,205018,PIJAMA DE NENE REY LEÓN DUFOUR TALLE 8,4,,2557.85,,,21,1624.4,Maga,,Pijamas,Dufour,
CORPIÑO DEPORTIVO MERCURY BLANCO TALLE 1,211B1,CORPIÑO DEPORTIVO MERCURY BLANCO TALLE 1,3,,1636.36,,,21,960,Maga,,Basica,Mutz,
CAMISETA MATERNAL BEIGE TALLE 1,211BE1,CAMISETA MATERNAL BEIGE TALLE 1,6,,1152.07,,,21,584,Maga,,Remeras y Camisetas,Mariana K,
CAMISETA MATERNAL BLANCA TALLE 3,211BL3,CAMISETA MATERNAL BLANCA TALLE 3,3,,1152.07,,,21,600,Maga,,Remeras y Camisetas,Mariana K,
CAMISETA MATERNAL BLANCA TALLE 4,211BL4,CAMISETA MATERNAL BLANCA TALLE 4,6,,1152.07,,,21,600,Maga,,Remeras y Camisetas,Mariana K,
CAMISETA MATERNAL BLANCA TALLE 5,211BL5,CAMISETA MATERNAL BLANCA TALLE 5,3,,1152.07,,,21,624,Maga,,Remeras y Camisetas,Mariana K,
CAMISETA MATERNAL BLANCA TALLE 6,211BL6,CAMISETA MATERNAL BLANCA TALLE 6,4,,1152.07,,,21,624,Maga,,Remeras y Camisetas,Mariana K,
CORPIÑO DEPORTIVO MERCURY NEGRO TALLE 1,211N1,CORPIÑO DEPORTIVO MERCURY NEGRO TALLE 1,4,,1636.36,,,21,960,Maga,,Basica,Mutz,
CORPIÑO DEPORTIVO MERCURY NEGRO TALLE 3,211N3,CORPIÑO DEPORTIVO MERCURY NEGRO TALLE 3,5,,1636.36,,,21,960,Maga,,Basica,Mutz,
CORPIÑO DEPORTIVO MERCURY PIEL TALLE 1,211P1,CORPIÑO DEPORTIVO MERCURY PIEL TALLE 1,3,,1636.36,,,21,960,Maga,,Basica,Mutz,
CORPIÑO DEPORTIVO MERCURY PIEL TALLE 2,211P2,CORPIÑO DEPORTIVO MERCURY PIEL TALLE 2,4,,1636.36,,,21,960,Maga,,Basica,Mutz,
BOXER BARAK DE ADOLESCENTE RAYADO TALLE 12,22012,BOXER BARAK DE ADOLESCENTE RAYADO TALLE 12,6,,640.5,,,21,342.15,Maga,,Boxers,Barak,
CAMISETA MANGA CORTA DE MORLEY BEIGE TALLE 2,221BE2,CAMISETA MANGA CORTA DE MORLEY BEIGE TALLE 2,5,,1194.21,,,21,584,Maga,,Remeras y Camisetas,Mariana K,
CAMISETA MANGA CORTA DE MORLEY BEIGE TALLE 4,221BE4,CAMISETA MANGA CORTA DE MORLEY BEIGE TALLE 4,5,,1194.21,,,21,656,Maga,,Remeras y Camisetas,Mariana K,
CAMISETA MANGA CORTA DE MORLEY BEIGE TALLE 5,221BE5,CAMISETA MANGA CORTA DE MORLEY BEIGE TALLE 5,5,,1194.21,,,21,680,Maga,,Remeras y Camisetas,Mariana K,
CAMISETA MANGA CORTA DE MORLEY BEIGE TALLE 6,221BE6,CAMISETA MANGA CORTA DE MORLEY BEIGE TALLE 6,4,,1194.21,,,21,680,Maga,,Remeras y Camisetas,Mariana K,
CAMISETA MANGA CORTA DE MORLEY BLANCA TALLE 1,221BL1,CAMISETA MANGA CORTA DE MORLEY BLANCA TALLE 1,4,,1194.21,,,21,584,Maga,,Remeras y Camisetas,Mariana K,
CAMISETA MANGA CORTA DE MORLEY BLANCA TALLE 3,221BL3,CAMISETA MANGA CORTA DE MORLEY BLANCA TALLE 3,5,,1194.21,,,21,656,Maga,,Remeras y Camisetas,Mariana K,
CAMISETA MANGA CORTA DE MORLEY BLANCO TALLE 6,221BL6,CAMISETA MANGA CORTA DE MORLEY BLANCO TALLE 6,3,,1194.21,,,21,680,Maga,,Remeras y Camisetas,Mariana K,
3 PARES DE MEDIAS 3/4 HOMBRE CON TOALLA LOGOS DUFOUR,2356.3,3 PARES DE MEDIAS 3/4 HOMBRE CON TOALLA LOGOS DUFOUR,6,,1268.6,,,21,745.51,Maga,,Medias,Dufour,
PAR DE MEDIAS SKI CON TOALLA DE HOMBRE DUFOUR,2504,PAR DE MEDIAS SKI CON TOALLA DE HOMBRE DUFOUR,5,,938.02,,,21,517.96,Maga,,Medias,Dufour,
CAMISETA DE MORLEY MANGA LARGA DE DAMA BEIGE TALLE 1,302BE1,CAMISETA DE MORLEY MANGA LARGA DE DAMA BEIGE TALLE 1,3,,1238.84,,,21,609.6,Maga,,Remeras y Camisetas,Mariana K,
PAR DE MEDIAS 3/4 FANTASÌA DE DAMA COCOT,3230,PAR DE MEDIAS 3/4 FANTASÌA DE DAMA COCOT,6,,417.36,,,21,244.76,Maga,,Medias,Cocot,
PACK X 3 SLIPS DE ALGODÓN EYELIT TALLE S,3311S,PACK X 3 SLIPS DE ALGODÓN EYELIT TALLE S,3,,3296.69,,,21,2047.73,Maga,,Boxers,Eyelit,
PANTY LYCRA ULTRAOPACA PATÍN NEGRO TALLE 3,3400N3,PANTY LYCRA ULTRAOPACA PATÍN NEGRO TALLE 3,3,,1482.64,,,21,865.62,Maga,,Deportivo,Nibel,
PANTY LYCRA ULTRAOPACA PATÍN PIEL CLARO TALLE 0,3400P0,PANTY LYCRA ULTRAOPACA PATÍN PIEL CLARO TALLE 0,3,,1482.64,,,21,865.62,Maga,,Medias,Nibel,
PAR DE SOQUETES INVISIBLES CANOA EYELIT,3402,PAR DE SOQUETES INVISIBLES CANOA EYELIT,6,,817.36,,,21,504.45,Maga,,Medias,Eyelit,
SOQUETE LUNARES EN COMPOSE EYELIT,3422,SOQUETE LUNARES EN COMPOSE EYELIT,6,,982.64,,,21,611.32,Maga,,Medias,Eyelit,
SOQUETE TENIS CORTO EYELIT NEGRA,3500N,SOQUETE TENIS CORTO EYELIT NEGRA,6,,1107.44,,,21,641.25,Maga,,Medias,Eyelit,
PANTY LYCRA ULTRA OPACA NIBEL VERDE TALLE 4,3500V4,PANTY LYCRA ULTRA OPACA NIBEL VERDE TALLE 4,3,,1400,,,21,837.24,Maga,,Medias,Nibel,
PANTY LYCRA NIBEL PARA DANZAS CON ABERTURA ROSA TALLE 1,3503R1,PANTY LYCRA NIBEL PARA DANZAS CON ABERTURA ROSA TALLE 1,3,,1895.87,,,21,1135.99,Maga,,Basica,Nibel,
PAR DE SOQUETES CORTOS RUNNING CALADO EN EMPEINE EYELIT,3507,PAR DE SOQUETES CORTOS RUNNING CALADO EN EMPEINE EYELIT,6,,942.15,,,21,589.95,Maga,,Medias,Eyelit,
MEDIAS INFANTILES FANTASÍA RHYTON NENE TALLE 3,353NENE3,MEDIAS INFANTILES FANTASÍA RHYTON NENE TALLE 3,6,,325.62,,,21,159.09,Maga,,Medias,Rhyton,
SLIP DE NIÑO EYELIT RAYADO TALLE 10,35410,SLIP DE NIÑO EYELIT RAYADO TALLE 10,4,,1247.93,,,21,726.75,Maga,,Boxers,Eyelit,
SLIP DE NIÑO EYELIT RAYADO TALLE 4,3544,SLIP DE NIÑO EYELIT RAYADO TALLE 4,6,,1247.93,,,21,726.75,Maga,,Boxers,Eyelit,
SLIP DE NIÑO EYELIT RAYADO TALLE 6,3546,SLIP DE NIÑO EYELIT RAYADO TALLE 6,4,,1247.93,,,21,726.75,Maga,,Boxers,Eyelit,
MEDIAS TERMICAS RHYTON SKI NENA TALLE 3,363NENA3,MEDIAS TERMICAS RHYTON SKI NENA TALLE 3,6,,524.79,,,21,259.3,Maga,,Medias,Rhyton,
MEDIAS TERMICAS RHYTON SKI NENA TALLE 4,364NENA4,MEDIAS TERMICAS RHYTON SKI NENA TALLE 4,6,,541.32,,,21,269.94,Maga,,Medias,Rhyton,
MEDIAS PANTY TANGO NEGRAS TALLE 1,3770N1,MEDIAS PANTY TANGO NEGRAS TALLE 1,6,,1442.15,,,21,709.36,Maga,,Medias,Nibel,
MEDIAS COLEGIALES RHYTON AZUL TALLE 5,400A5,MEDIAS COLEGIALES RHYTON AZUL TALLE 5,5,,392.56,,,21,225.89,Maga,,Medias,Rhyton,
CALZA FRIZADA DAMA ELEMENTO NEGRO TALLE 2,401N2,CALZA FRIZADA DAMA ELEMENTO NEGRO TALLE 2,3,,5322.31,,,21,3067.29,Maga,,Deportivo,Elemento Ropa,
PACK X 2 REMERAS BLANCAS CON  ESCOTE EN V EYELIT TALLE XXL,4452BXXL,PACK X 2 REMERAS BLANCAS CON  ESCOTE EN V EYELIT TALLE XXL,3,,6454.55,,,21,3719.25,Maga,,Remeras y Camisetas,EYELIT,
PACK X 2 REMERAS BLANCA Y NEGRA CON ESCOTE EN V EYELIT TALLE L,4452L,PACK X 2 REMERAS BLANCA Y NEGRA CON ESCOTE EN V EYELIT TALLE L,3,,6454.55,,,21,3719.25,Maga,,Remeras y Camisetas,EYELIT,
PACK X 2 REMERAS NEGRAS CON  ESCOTE EN V EYELIT TALLE M,4452NM,PACK X 2 REMERAS NEGRAS CON  ESCOTE EN V EYELIT TALLE M,3,,6454.55,,,21,3719.25,Maga,,Remeras y Camisetas,EYELIT,
PACK X 2 REMERAS BLANCAS CON  ESCOTE REDONDO EYELIT TALLE XXL,4482BXXL,PACK X 2 REMERAS BLANCAS CON  ESCOTE REDONDO EYELIT TALLE XXL,3,,6454.55,,,21,3719.25,Maga,,Remeras y Camisetas,EYELIT,
PACK X 2 PARES DE MEDIAS BLANCO Y NEGRO MICROFIBRA MERCURY,462,PACK X 2 PARES DE MEDIAS BLANCO Y NEGRO MICROFIBRA MERCURY,4,,619.83,,,21,360,Maga,,Medias,Mutz,
BOXER SEAMLESS CON DIBUJOS DE NIÑO EYELIT TALLE M,4652M,BOXER SEAMLESS CON DIBUJOS DE NIÑO EYELIT TALLE M,3,,1190.08,,,21,679.73,Maga,,Boxers,Eyelit,
BOXER SEAMLESS CON DIBUJOS DE NIÑO EYELIT TALLE S,4652S,BOXER SEAMLESS CON DIBUJOS DE NIÑO EYELIT TALLE S,6,,1190.08,,,21,679.73,Maga,,Boxers,Eyelit,
SHORT DE GIMNASIA COCOT NEGRO TALLE 1,4887N1,SHORT DE GIMNASIA COCOT NEGRO TALLE 1,3,,2095.04,,,21,1282.63,Maga,,Deportivo,COCOT,
SHORT DE GIMNASIA COCOT NEGRO TALLE 4,4887N4,SHORT DE GIMNASIA COCOT NEGRO TALLE 4,3,,2095.04,,,21,1282.63,Maga,,Deportivo,COCOT,
TOP DEPORTIVO SEAMLESS AZUL NAUTICO TALLE 3,4893A3,TOP DEPORTIVO SEAMLESS AZUL NAUTICO TALLE 3,6,,2673.55,,,21,1668.21,Maga,,Deportivo,COCOT,
TOP DEPORTIVO SEAMLESS AZUL NAUTICO TALLE 4,4893A4,TOP DEPORTIVO SEAMLESS AZUL NAUTICO TALLE 4,5,,2673.55,,,21,1668.21,Maga,,Deportivo,COCOT,
TOP DEPORTIVO SEAMLESS NEGRO TALLE 3,4893N3,TOP DEPORTIVO SEAMLESS NEGRO TALLE 3,4,,2673.55,,,21,1668.21,Maga,,Deportivo,COCOT,
BOXER ESTAMPADO DE HOMBRE EYELIT  TALLE M,500M,BOXER ESTAMPADO DE HOMBRE EYELIT  TALLE M,3,,2512.4,,,21,1538.06,Maga,,Boxers,Eyelit,
BOXER ESTAMPADO DE HOMBRE EYELIT  TALLE XL,500XL,BOXER ESTAMPADO DE HOMBRE EYELIT  TALLE XL,4,,2512.4,,,21,1538.06,Maga,,Boxers,Eyelit,
BOXER ESTAMPADO DE HOMBRE EYELIT  TALLE XXL,500XXL,BOXER ESTAMPADO DE HOMBRE EYELIT  TALLE XXL,6,,2512.4,,,21,1538.06,Maga,,Boxers,Eyelit,
SLIP DE ADULTO ANDROS LISO TALLE S,5014S,SLIP DE ADULTO ANDROS LISO TALLE S,4,,1107.44,,,21,645.15,Maga,,Boxers,Andros,
SLIP DE ADULTO ANDROS LISO TALLE XL,5014XL,SLIP DE ADULTO ANDROS LISO TALLE XL,6,,1107.44,,,21,645.15,Maga,,Boxers,Andros,
SLIP DE ADULTO ANDROS LISO TALLE XXL,5014XXL,SLIP DE ADULTO ANDROS LISO TALLE XXL,3,,1107.44,,,21,645.15,Maga,,Boxers,Andros,
BOXER BARAK DE ADULTO LISO TALLE S,501S,BOXER BARAK DE ADULTO LISO TALLE S,6,,723.14,,,21,386.78,Maga,,Boxers,Barak,
SUNGA ESTAMPADA DE NENE CHERRY TALLE 2,505A2,SUNGA ESTAMPADA DE NENE CHERRY TALLE 2,3,,1280.17,,,21,400,Maga,,Mallas,Cherry,
SUNGA ESTAMPADA DE NENE CHERRY TALLE 4,505A4,SUNGA ESTAMPADA DE NENE CHERRY TALLE 4,5,,1280.17,,,21,400,Maga,,Mallas,Cherry,
SUNGA ESTAMPADA DE NENE CHERRY TALLE 6,505A6,SUNGA ESTAMPADA DE NENE CHERRY TALLE 6,3,,1280.17,,,21,400,Maga,,Mallas,Cherry,
PACK BOXER SEAMLESS 514 TALLE S + 2 PARES DE MEDIAS 3402,514202S,PACK BOXER SEAMLESS 514 TALLE S + 2 PARES DE MEDIAS 3402,5,,2223.14,,,21,1530.45,Maga,,Boxers,Eyelit,
PACK BOXER SEAMLESS 514 TALLE XL + 2 PARES DE MEDIAS 3402,514202XL,PACK BOXER SEAMLESS 514 TALLE XL + 2 PARES DE MEDIAS 3402,6,,2223.14,,,21,1530.45,Maga,,Boxers,Eyelit,
PACK BOXER SEAMLESS 514 TALLE XXL + 2 PARES DE MEDIAS 3402,514202XXL,PACK BOXER SEAMLESS 514 TALLE XXL + 2 PARES DE MEDIAS 3402,6,,2223.14,,,21,1530.45,Maga,,Boxers,Eyelit,
PACK X 2 BOXERS EYELIT SEAMLESS LISO Y RAYADO TALLE XL,514625XL,PACK X 2 BOXERS EYELIT SEAMLESS LISO Y RAYADO TALLE XL,4,,1974.38,,,21,1196.06,Maga,,Boxers,Eyelit,
BOXER LISO RHYTON TALLE L,5200L,BOXER LISO RHYTON TALLE L,4,,623.97,,,21,326.1,Maga,,Boxers,Rhyton,
BOXER DE ALGODÓN Y LYCRA CON ELÁSTICO BORDADO TALLE S,525S,BOXER DE ALGODÓN Y LYCRA CON ELÁSTICO BORDADO TALLE S,6,,2223.14,,,21,1325.25,Maga,,Boxers,Eyelit,
BOXER DE PIERNA LARGA DE HOMBRE EYELIT TALLE L,526L,BOXER DE PIERNA LARGA DE HOMBRE EYELIT TALLE L,6,,2552.89,,,21,1581.75,Maga,,Boxers,Eyelit,
CAMISÓN DE AMAMANTAR MARIANA K LILA TALLE 1,5428LI1,CAMISÓN DE AMAMANTAR MARIANA K LILA TALLE 1,3,,1978.51,,,21,1136,Maga,,Remeras y Camisetas,Mariana K,
CAMISÓN DE AMAMANTAR MARIANA K LILA TALLE 2,5428LI2,CAMISÓN DE AMAMANTAR MARIANA K LILA TALLE 2,6,,1978.51,,,21,1136,Maga,,Remeras y Camisetas,Mariana K,
CAMISÓN DE AMAMANTAR MARIANA K ROSA TALLE 1,5428RO1,CAMISÓN DE AMAMANTAR MARIANA K ROSA TALLE 1,3,,1978.51,,,21,1136,Maga,,Remeras y Camisetas,Mariana K,
SLIP DE NIÑO ANDROS RAYADO TALLE L,5508L,SLIP DE NIÑO ANDROS RAYADO TALLE L,6,,1024.79,,,21,577.15,Maga,,Boxers,Andros,
TRUSA LESS MODELANTE ARETHA BLANCO TALLE M,555BLM,TRUSA LESS MODELANTE ARETHA BLANCO TALLE M,3,,1643.8,,,21,1019.15,Maga,,Reductora,Aretha,
TRUSA LESS MODELANTE ARETHA BLANCO TALLE XXL,555BLXXL,TRUSA LESS MODELANTE ARETHA BLANCO TALLE XXL,3,,1643.8,,,21,1019.15,Maga,,Reductora,Aretha,
TRUSA LESS MODELANTE ARETHA NEGRO TALLE M,555NEM,TRUSA LESS MODELANTE ARETHA NEGRO TALLE M,4,,1643.8,,,21,1019.15,Maga,,Reductora,Aretha,
TRUSA LESS MODELANTE ARETHA NOUGAT TALLE M,555NOM,TRUSA LESS MODELANTE ARETHA NOUGAT TALLE M,4,,1643.8,,,21,1019.15,Maga,,Reductora,Aretha,
TRUSA LESS MODELANTE ARETHA NOUGAT TALLE XXL,555NOXXL,TRUSA LESS MODELANTE ARETHA NOUGAT TALLE XXL,3,,1643.8,,,21,1019.15,Maga,,Reductora,Aretha,
TRUSA LESS MODELANTE ARETHA NOUGAT TALLE XXXL,555NOXXXL,TRUSA LESS MODELANTE ARETHA NOUGAT TALLE XXXL,4,,1643.8,,,21,1019.15,Maga,,Reductora,Aretha,
VEDETINA DE ALGODÓN Y LYCRA COCOT AVELLANA TALLE 1,5600A1,VEDETINA DE ALGODÓN Y LYCRA COCOT AVELLANA TALLE 1,4,,706.61,,,21,366.47,Maga,,Basica,Cocot,
VEDETINA DE ALGODÓN Y LYCRA COCOT AVELLANA TALLE 3,5600A3,VEDETINA DE ALGODÓN Y LYCRA COCOT AVELLANA TALLE 3,5,,706.61,,,21,366.47,Maga,,Basica,Cocot,
VEDETINA DE ALGODÓN Y LYCRA COCOT BLANCO TALLE 3,5600B3,VEDETINA DE ALGODÓN Y LYCRA COCOT BLANCO TALLE 3,3,,706.61,,,21,366.47,Maga,,Basica,Cocot,
VEDETINA DE ALGODÓN Y LYCRA COCOT MELANGE TALLE 1,5600M1,VEDETINA DE ALGODÓN Y LYCRA COCOT MELANGE TALLE 1,3,,706.61,,,21,366.47,Maga,,Basica,Cocot,
PACK X 3 COLALESS ALGODÓN LYCRA COCOT SURTIDAS TALLE 1,5604.3S1,PACK X 3 COLALESS ALGODÓN LYCRA COCOT SURTIDAS TALLE 1,4,,1830.58,,,21,1099.4,Maga,,Basica,Cocot,
PACK X 3 COLALESS ALGODÓN LYCRA COCOT SURTIDAS TALLE 2,5604.3S2,PACK X 3 COLALESS ALGODÓN LYCRA COCOT SURTIDAS TALLE 2,3,,1830.58,,,21,1099.4,Maga,,Basica,Cocot,
COLALESS DE ALGODÓN Y LYCRA COCOT BLANCO TALLE 4,5604B4,COLALESS DE ALGODÓN Y LYCRA COCOT BLANCO TALLE 4,6,,706.61,,,21,366.47,Maga,,Basica,Cocot,
COLALESS DE ALGODÓN Y LYCRA COCOT MELANGE TALLE 1,5604M1,COLALESS DE ALGODÓN Y LYCRA COCOT MELANGE TALLE 1,6,,706.61,,,21,366.47,Maga,,Basica,Cocot,
COLALESS DE ALGODÓN Y LYCRA COCOT NEGRO TALLE 1,5604N1,COLALESS DE ALGODÓN Y LYCRA COCOT NEGRO TALLE 1,6,,706.61,,,21,366.47,Maga,,Basica,Cocot,
BIKINI DE NENA VOLADITOS CON SHORT TALLE 4,560A4,BIKINI DE NENA VOLADITOS CON SHORT TALLE 4,4,,1565.29,,,21,837,Maga,,Mallas,Cherry,
SOUTIEN BRETEL ANCHO CON PUÑO DE LUREX NEGRO TALLE M,5618NM,SOUTIEN BRETEL ANCHO CON PUÑO DE LUREX NEGRO TALLE M,3,,1482.64,,,21,871.51,Maga,,Basica,Nibel,
CORPIÑO MATERNAL SEAMLESS AVELLANA TALLE 90,5653A90,CORPIÑO MATERNAL SEAMLESS AVELLANA TALLE 90,3,,2863.64,,,21,1832.32,Maga,,Basica,Cocot,
CORPIÑO MATERNAL SEAMLESS BLANCO TALLE 100,5653B100,CORPIÑO MATERNAL SEAMLESS BLANCO TALLE 100,4,,2863.64,,,21,1832.32,Maga,,Basica,Cocot,
CORPIÑO TOP BASICO ALGODÓN LYCRA COCOT MELANGE 85,5667M85,CORPIÑO TOP BASICO ALGODÓN LYCRA COCOT MELANGE 85,5,,1143.8,,,21,659.64,Maga,,Basica,Cocot,
TOP LISO DE BRETELES REGULABLES NIBEL NEGRO TALLE MG,5674NMG,TOP LISO DE BRETELES REGULABLES NIBEL NEGRO TALLE MG,4,,2226.45,,,21,1367.66,Maga,,Deportivo,Nibel,
TOP CAMUFLADO DE BRETELES REGULABLES NIBEL NEGRO TALLE MG,5684NMG,TOP CAMUFLADO DE BRETELES REGULABLES NIBEL NEGRO TALLE MG,3,,2226.45,,,21,1419.35,Maga,,Deportivo,Nibel,
TOP CON PUNTILLA NIBEL NEGRO TALLE P,5686NP,TOP CON PUNTILLA NIBEL NEGRO TALLE P,3,,1384.3,,,21,810.6,Maga,,Basica,Nibel,
TOP CAMUFLADO DEPORTIVO NIBEL NEGRO TALLE MG,5687NMG,TOP CAMUFLADO DEPORTIVO NIBEL NEGRO TALLE MG,5,,2474.38,,,21,1561.7,Maga,,Deportivo,Nibel,
PAR DE SOQUETES RAYADOS DE DAMA RHYTON,56R,PAR DE SOQUETES RAYADOS DE DAMA RHYTON,6,,293.39,,,21,158.4,Maga,,Medias,Rhyton,
SOUTIEN DE BRETELES NIBEL AMARILLO FLUOR TALLE G,5712AG,SOUTIEN DE BRETELES NIBEL AMARILLO FLUOR TALLE G,5,,1442.15,,,21,843.21,Maga,,Basica,Nibel,
SOUTIEN DE BRETELES NIBEL AMARILLO FLUOR TALLE P,5712AP,SOUTIEN DE BRETELES NIBEL AMARILLO FLUOR TALLE P,4,,1442.15,,,21,843.21,Maga,,Basica,Nibel,
SOUTIEN DE BRETELES NIBEL BLANCO TALLE G,5712BG,SOUTIEN DE BRETELES NIBEL BLANCO TALLE G,3,,1442.15,,,21,843.21,Maga,,Basica,Nibel,
SOUTIEN DE BRETELES NIBEL BLANCO TALLE P,5712BP,SOUTIEN DE BRETELES NIBEL BLANCO TALLE P,3,,1442.15,,,21,843.21,Maga,,Basica,Nibel,
SOUTIEN DE BRETELES NIBEL FUCSIA FLUOR TALLE G,5712FG,SOUTIEN DE BRETELES NIBEL FUCSIA FLUOR TALLE G,3,,1442.15,,,21,843.21,Maga,,Basica,Nibel,
SOUTIEN DE BRETELES NIBEL FUCSIA FLUOR TALLE M,5712FM,SOUTIEN DE BRETELES NIBEL FUCSIA FLUOR TALLE M,4,,1442.15,,,21,843.21,Maga,,Basica,Nibel,
SOUTIEN DE BRETELES NIBEL FUCSIA FLUOR TALLE P,5712FP,SOUTIEN DE BRETELES NIBEL FUCSIA FLUOR TALLE P,6,,1442.15,,,21,843.21,Maga,,Basica,Nibel,
SOUTIEN DE BRETELES NIBEL NEGRO TALLE G,5712NG,SOUTIEN DE BRETELES NIBEL NEGRO TALLE G,3,,1442.15,,,21,843.21,Maga,,Basica,Nibel,
SOUTIEN DE BRETELES NIBEL NEGRO TALLE XG,5712NXG,SOUTIEN DE BRETELES NIBEL NEGRO TALLE XG,3,,1442.15,,,21,843.21,Maga,,Basica,Nibel,
SOUTIEN DE BRETELES NIBEL PIEL TALLE P,5712PP,SOUTIEN DE BRETELES NIBEL PIEL TALLE P,5,,1442.15,,,21,843.21,Maga,,Basica,Nibel,
SOUTIEN DE BRETELES NIBEL VERDE FLUOR TALLE M,5712VM,SOUTIEN DE BRETELES NIBEL VERDE FLUOR TALLE M,3,,1442.15,,,21,843.21,Maga,,Basica,Nibel,
SOUTIEN DE BRETELES NIBEL VERDE FLUOR TALLE P,5712VP,SOUTIEN DE BRETELES NIBEL VERDE FLUOR TALLE P,3,,1442.15,,,21,843.21,Maga,,Basica,Nibel,
SOUTIEN DE BRETELES NIBEL VERDE FLUOR TALLE XG,5712VXG,SOUTIEN DE BRETELES NIBEL VERDE FLUOR TALLE XG,3,,1442.15,,,21,843.21,Maga,,Basica,Nibel,
SOUTIEN DEPORTIVO NIBEL  AMARILLO FLUOR TALLE M,5720AM,SOUTIEN DEPORTIVO NIBEL  AMARILLO FLUOR TALLE M,3,,1772.73,,,21,1060.41,Maga,,Basica,Nibel,
SOUTIEN DEPORTIVO NIBEL  AMARILLO FLUOR TALLE P,5720AP,SOUTIEN DEPORTIVO NIBEL  AMARILLO FLUOR TALLE P,3,,1772.73,,,21,1060.41,Maga,,Basica,Nibel,
SOUTIEN DEPORTIVO NIBEL  BLANCO TALLE M,5720BM,SOUTIEN DEPORTIVO NIBEL  BLANCO TALLE M,4,,1772.73,,,21,1060.41,Maga,,Basica,Nibel,
SOUTIEN DEPORTIVO NIBEL  BLANCO TALLE P,5720BP,SOUTIEN DEPORTIVO NIBEL  BLANCO TALLE P,3,,1772.73,,,21,1060.41,Maga,,Basica,Nibel,
SOUTIEN DEPORTIVO NIBEL  FUCSIA FLUOR TALLE M,5720FM,SOUTIEN DEPORTIVO NIBEL  FUCSIA FLUOR TALLE M,5,,1772.73,,,21,1060.41,Maga,,Basica,Nibel,
SOUTIEN DEPORTIVO NIBEL  FUCSIA FLUOR TALLE P,5720FP,SOUTIEN DEPORTIVO NIBEL  FUCSIA FLUOR TALLE P,5,,1772.73,,,21,1060.41,Maga,,Basica,Nibel,
SOUTIEN DEPORTIVO NIBEL  NEGRO TALLE M,5720NM,SOUTIEN DEPORTIVO NIBEL  NEGRO TALLE M,6,,1772.73,,,21,1060.41,Maga,,Basica,Nibel,
SOUTIEN DEPORTIVO NIBEL  NEGRO TALLE P,5720NP,SOUTIEN DEPORTIVO NIBEL  NEGRO TALLE P,3,,1772.73,,,21,1060.41,Maga,,Basica,Nibel,
SOUTIEN DEPORTIVO NIBEL  NEGRO TALLE XG,5720NXG,SOUTIEN DEPORTIVO NIBEL  NEGRO TALLE XG,4,,1772.73,,,21,1060.41,Maga,,Basica,Nibel,
SOUTIEN DEPORTIVO NIBEL  PIEL TALLE G,5720PG,SOUTIEN DEPORTIVO NIBEL  PIEL TALLE G,3,,1772.73,,,21,1060.41,Maga,,Basica,Nibel,
SOUTIEN DEPORTIVO NIBEL  PIEL TALLE M,5720PM,SOUTIEN DEPORTIVO NIBEL  PIEL TALLE M,3,,1772.73,,,21,1060.41,Maga,,Basica,Nibel,
SOUTIEN DEPORTIVO NIBEL  PIEL TALLE P,5720PP,SOUTIEN DEPORTIVO NIBEL  PIEL TALLE P,5,,1772.73,,,21,1060.41,Maga,,Basica,Nibel,
SOUTIEN DEPORTIVO NIBEL  VERDE FLUOR TALLE P,5720VP,SOUTIEN DEPORTIVO NIBEL  VERDE FLUOR TALLE P,4,,1772.73,,,21,1060.41,Maga,,Basica,Nibel,
BOXER SEAMLESS VISCOSA LYCRA CINTURA ANCHA EYELIT TALLE XXL,578XXL,BOXER SEAMLESS VISCOSA LYCRA CINTURA ANCHA EYELIT TALLE XXL,5,,1685.95,,,21,983.25,Maga,,Boxers,Eyelit,
CORPIÑO DE ALGODÓN Y LYCRA COCOT NEGRO TALLE 85,5842N85,CORPIÑO DE ALGODÓN Y LYCRA COCOT NEGRO TALLE 85,3,,1103.31,,,21,622.99,Maga,,Basica,Cocot,
CORPIÑO DE ALGODÓN Y LYCRA COCOT NEGRO TALLE 90,5842N90,CORPIÑO DE ALGODÓN Y LYCRA COCOT NEGRO TALLE 90,3,,1103.31,,,21,622.99,Maga,,Basica,Cocot,
SOUTIEN SEAMLESS BROCHE FONTAL NIBEL BLANCO TALLE P,5845BP,SOUTIEN SEAMLESS BROCHE FONTAL NIBEL BLANCO TALLE P,3,,2226.45,,,21,1373.63,Maga,,Basica,Nibel,
CAMISÓN DE AMAMANTAR CELESTE TALLE 1,5893CE1,CAMISÓN DE AMAMANTAR CELESTE TALLE 1,3,,2474.38,,,21,1296,Maga,,Remeras y Camisetas,Mariana K,
CAMISÓN DE AMAMANTAR CELESTE TALLE 3,5893CE3,CAMISÓN DE AMAMANTAR CELESTE TALLE 3,5,,2474.38,,,21,1536,Maga,,Remeras y Camisetas,Mariana K,
CAMISÓN DE AMAMANTAR CELESTE TALLE 4,5893CE4,CAMISÓN DE AMAMANTAR CELESTE TALLE 4,4,,2474.38,,,21,1536,Maga,,Remeras y Camisetas,Mariana K,
CAMISÓN DE AMAMANTAR ROSA TALLE 4,5893RO4,CAMISÓN DE AMAMANTAR ROSA TALLE 4,4,,2474.38,,,21,1536,Maga,,Remeras y Camisetas,Mariana K,
PAR DE MEDIAS ESTAMPADAS FLOYD DE NENE TALLE 1,59E1,PAR DE MEDIAS ESTAMPADAS FLOYD DE NENE TALLE 1,6,,322.31,,,21,169,Maga,,Medias,Floyd,
BOMBACHA ALTA LESS NEGRA TALLE 2,5N2,BOMBACHA ALTA LESS NEGRA TALLE 2,3,,1238.84,,,21,661.16,Maga,,Mallas,,
BOMBACHA DE DAMA TALLE UNIVERSAL LISA DOLI,600L,BOMBACHA DE DAMA TALLE UNIVERSAL LISA DOLI,6,,483.47,,,21,216.66,Maga,,Basica,Mariana K,
COLALESS SEAMLESS ANIMAL PRINT NEGRO TALLE PM,601APNPM,COLALESS SEAMLESS ANIMAL PRINT NEGRO TALLE PM,5,,1020.66,,,21,567.9,Maga,,Basica,Nibel,
COLALESS SEAMLESS ANIMAL PRINT PIEL TALLE MG,601APPMG,COLALESS SEAMLESS ANIMAL PRINT PIEL TALLE MG,4,,1020.66,,,21,567.9,Maga,,Basica,Nibel,
COLALESS NIBEL BLANCO TALLE P/M,601BPM,COLALESS NIBEL BLANCO TALLE P/M,3,,938.02,,,21,514.94,Maga,,Basica,Nibel,
COLALESS NIBEL NEGRO TALLE M/G,601NMG,COLALESS NIBEL NEGRO TALLE M/G,6,,938.02,,,21,514.94,Maga,,Basica,Nibel,
COLALESS NIBEL PIEL TALLE M/G,601PMG,COLALESS NIBEL PIEL TALLE M/G,4,,938.02,,,21,514.94,Maga,,Basica,Nibel,
VEDETINA NIBEL BLANCO TALLE P/M,602BPM,VEDETINA NIBEL BLANCO TALLE P/M,3,,938.02,,,21,514.94,Maga,,Basica,Nibel,
VEDETINA NIBEL NEGRO TALLE P/M,602NPM,VEDETINA NIBEL NEGRO TALLE P/M,4,,938.02,,,21,514.94,Maga,,Basica,Nibel,
VEDETINA NIBEL PIEL TALLE P/M,602PPM,VEDETINA NIBEL PIEL TALLE P/M,3,,938.02,,,21,514.94,Maga,,Basica,Nibel,
CULOTTELESS NIBEL BLANCO TALLE M/G,606BMG,CULOTTELESS NIBEL BLANCO TALLE M/G,3,,1053.72,,,21,590.02,Maga,,Basica,Nibel,
CULOTTELESS NIBEL FUCSIA TALLE P/M,606FPM,CULOTTELESS NIBEL FUCSIA TALLE P/M,4,,1053.72,,,21,590.02,Maga,,Basica,Nibel,
CULOTTELESS NIBEL NEGRO TALLE P/M,606NPM,CULOTTELESS NIBEL NEGRO TALLE P/M,4,,1053.72,,,21,590.02,Maga,,Basica,Nibel,
CULOTTELESS NIBEL PIEL TALLE P/M,606PPM,CULOTTELESS NIBEL PIEL TALLE P/M,3,,1053.72,,,21,590.02,Maga,,Basica,Nibel,
CORPIÑO DE BRETELES SEAMLESS ARETHA BLANCO TALLE XL,607BLXL,CORPIÑO DE BRETELES SEAMLESS ARETHA BLANCO TALLE XL,3,,1603.31,,,21,976.65,Maga,,Basica,Aretha,
BOMBACHA SEGUNDA PIEL TIRO CORTO SEAMLESS BLANCO TALLE PM,607BPM,BOMBACHA SEGUNDA PIEL TIRO CORTO SEAMLESS BLANCO TALLE PM,3,,1234.71,,,21,716.4,Maga,,Basica,Nibel,
CORPIÑO DE BRETELES SEAMLESS ARETHA NEGRO TALLE M,607NEM,CORPIÑO DE BRETELES SEAMLESS ARETHA NEGRO TALLE M,4,,1603.31,,,21,976.65,Maga,,Basica,Aretha,
CORPIÑO DE BRETELES SEAMLESS ARETHA NEGRO TALLE S,607NES,CORPIÑO DE BRETELES SEAMLESS ARETHA NEGRO TALLE S,3,,1603.31,,,21,976.65,Maga,,Basica,Aretha,
CORPIÑO DE BRETELES SEAMLESS ARETHA NOUGAT TALLE S,607NOS,CORPIÑO DE BRETELES SEAMLESS ARETHA NOUGAT TALLE S,4,,1603.31,,,21,976.65,Maga,,Basica,Aretha,
CORPIÑO DE BRETELES SEAMLESS ARETHA NOUGAT TALLE XL,607NOXL,CORPIÑO DE BRETELES SEAMLESS ARETHA NOUGAT TALLE XL,5,,1603.31,,,21,976.65,Maga,,Basica,Aretha,
BOMBACHA SEGUNDA PIEL TIRO CORTO SEAMLESS NEGRO TALLE PM,607NPM,BOMBACHA SEGUNDA PIEL TIRO CORTO SEAMLESS NEGRO TALLE PM,4,,1234.71,,,21,716.4,Maga,,Basica,Nibel,
BOMBACHA SEGUNDA PIEL TIRO CORTO SEAMLESS PIEL TALLE PM,607PPM,BOMBACHA SEGUNDA PIEL TIRO CORTO SEAMLESS PIEL TALLE PM,5,,1234.71,,,21,716.4,Maga,,Basica,Nibel,
CORPIÑO DEPORTIVO SEAMLESS ARETHA BLANCO TALLE L,608BLL,CORPIÑO DEPORTIVO SEAMLESS ARETHA BLANCO TALLE L,6,,2041.32,,,21,1240.15,Maga,,Basica,Aretha,
CORPIÑO DEPORTIVO SEAMLESS ARETHA BLANCO TALLE M,608BLM,CORPIÑO DEPORTIVO SEAMLESS ARETHA BLANCO TALLE M,4,,2041.32,,,21,1240.15,Maga,,Basica,Aretha,
CORPIÑO DEPORTIVO SEAMLESS ARETHA NEGRO TALLE S,608NES,CORPIÑO DEPORTIVO SEAMLESS ARETHA NEGRO TALLE S,4,,2041.32,,,21,1240.15,Maga,,Basica,Aretha,
CORPIÑO DEPORTIVO SEAMLESS ARETHA NEGRO TALLE XXL,608NEXXL,CORPIÑO DEPORTIVO SEAMLESS ARETHA NEGRO TALLE XXL,4,,2041.32,,,21,1240.15,Maga,,Basica,Aretha,
CORPIÑO DEPORTIVO SEAMLESS ARETHA NOUGAT TALLE L,608NOL,CORPIÑO DEPORTIVO SEAMLESS ARETHA NOUGAT TALLE L,5,,2041.32,,,21,1240.15,Maga,,Basica,Aretha,
CORPIÑO DEPORTIVO SEAMLESS ARETHA NOUGAT TALLE M,608NOM,CORPIÑO DEPORTIVO SEAMLESS ARETHA NOUGAT TALLE M,5,,2041.32,,,21,1240.15,Maga,,Basica,Aretha,
CORPIÑO DEPORTIVO SEAMLESS ARETHA NOUGAT TALLE S,608NOS,CORPIÑO DEPORTIVO SEAMLESS ARETHA NOUGAT TALLE S,3,,2041.32,,,21,1240.15,Maga,,Basica,Aretha,
CORPIÑO DEPORTIVO SEAMLESS ARETHA NOUGAT TALLE XL,608NOXL,CORPIÑO DEPORTIVO SEAMLESS ARETHA NOUGAT TALLE XL,4,,2041.32,,,21,1240.15,Maga,,Basica,Aretha,
CORPIÑO DEPORTIVO SEAMLESS ARETHA NOUGAT TALLE XXL,608NOXXL,CORPIÑO DEPORTIVO SEAMLESS ARETHA NOUGAT TALLE XXL,3,,2041.32,,,21,1240.15,Maga,,Basica,Aretha,
VEDETINA SEGUNDA PIEL CORTADA A LASER COCOT BLANCA TALLE 4,6190B4,VEDETINA SEGUNDA PIEL CORTADA A LASER COCOT BLANCA TALLE 4,4,,706.61,,,21,366.47,Maga,,Basica,Cocot,
VEDETINA SEGUNDA PIEL CORTADA A LASER COCOT NEGRA TALLE 3,6190N3,VEDETINA SEGUNDA PIEL CORTADA A LASER COCOT NEGRA TALLE 3,3,,706.61,,,21,366.47,Maga,,Basica,Cocot,
CULOTTELESS 2DA PIEL CORTADO A LASER COCOT AVELLANA TALLE 1,6192A1,CULOTTELESS 2DA PIEL CORTADO A LASER COCOT AVELLANA TALLE 1,5,,706.61,,,21,366.47,Maga,,Basica,Cocot,
CULOTTELESS 2DA PIEL CORTADO A LASER COCOT BLANCO TALLE 1,6192B1,CULOTTELESS 2DA PIEL CORTADO A LASER COCOT BLANCO TALLE 1,6,,706.61,,,21,366.47,Maga,,Basica,Cocot,
CULOTTELESS 2DA PIEL CORTADO A LASER COCOT BLANCO TALLE 3,6192B3,CULOTTELESS 2DA PIEL CORTADO A LASER COCOT BLANCO TALLE 3,4,,706.61,,,21,366.47,Maga,,Basica,Cocot,
CULOTTELESS 2DA PIEL CORTADO A LASER COCOT NEGRO TALLE 1,6192N1,CULOTTELESS 2DA PIEL CORTADO A LASER COCOT NEGRO TALLE 1,5,,706.61,,,21,366.47,Maga,,Basica,Cocot,
SHORT 2DA PIEL CORTADO A LASER COCOT BLANCO TALLE 1,6193B1,SHORT 2DA PIEL CORTADO A LASER COCOT BLANCO TALLE 1,3,,913.22,,,21,503.94,Maga,,Basica,Cocot,
COLALESS 2DA PIEL CORTADA A LASER COCOT AVELLANA TALLE 3,6194A3,COLALESS 2DA PIEL CORTADA A LASER COCOT AVELLANA TALLE 3,3,,706.61,,,21,366.47,Maga,,Basica,Cocot,
COLALESS 2DA PIEL CORTADA A LASER COCOT BLANCA TALLE 2,6194B2,COLALESS 2DA PIEL CORTADA A LASER COCOT BLANCA TALLE 2,6,,706.61,,,21,366.47,Maga,,Basica,Cocot,
COLALESS 2DA PIEL CORTADA A LASER COCOT BLANCA TALLE 3,6194B3,COLALESS 2DA PIEL CORTADA A LASER COCOT BLANCA TALLE 3,6,,706.61,,,21,366.47,Maga,,Basica,Cocot,
COLALESS 2DA PIEL CORTADA A LASER COCOT NEGRA TALLE 1,6194N1,COLALESS 2DA PIEL CORTADA A LASER COCOT NEGRA TALLE 1,6,,706.61,,,21,366.47,Maga,,Basica,Cocot,
COLALESS 2DA PIEL CORTADA A LASER COCOT NEGRA TALLE 2,6194N2,COLALESS 2DA PIEL CORTADA A LASER COCOT NEGRA TALLE 2,4,,706.61,,,21,366.47,Maga,,Basica,Cocot,
BOXER INFANTIL ESTAMPADO ELEMENTO TALLE 1,6251,BOXER INFANTIL ESTAMPADO ELEMENTO TALLE 1,3,,1230.58,,,21,719.32,Maga,,Boxers,Elemento Ropa,
BOXER INFANTIL ESTAMPADO ELEMENTO TALLE 4,6254,BOXER INFANTIL ESTAMPADO ELEMENTO TALLE 4,6,,1230.58,,,21,719.32,Maga,,Boxers,Elemento Ropa,
BOXER INFANTIL ESTAMPADO ELEMENTO TALLE 5,6255,BOXER INFANTIL ESTAMPADO ELEMENTO TALLE 5,6,,1230.58,,,21,719.32,Maga,,Boxers,Elemento Ropa,
BOXER INFANTIL ESTAMPADO ELEMENTO TALLE 6,6256,BOXER INFANTIL ESTAMPADO ELEMENTO TALLE 6,6,,1230.58,,,21,719.32,Maga,,Boxers,Elemento Ropa,
BOXER JUVENIL ESTAMPADO ELEMENTO TALLE 7,625J7,BOXER JUVENIL ESTAMPADO ELEMENTO TALLE 7,6,,1462.81,,,21,868.74,Maga,,Boxers,Elemento Ropa,
BOMBACHA UNIVERSAL DE MICROFIBRA SEAMLESS NEGRO TALLE PM,639NPM,BOMBACHA UNIVERSAL DE MICROFIBRA SEAMLESS NEGRO TALLE PM,3,,1524.79,,,21,907.56,Maga,,Basica,Nibel,
PAR DE MEDIAS CAÑA ALTA DE HOMBRE CON TOALLA POKER,650,PAR DE MEDIAS CAÑA ALTA DE HOMBRE CON TOALLA POKER,6,,380.17,,,21,225,Maga,,Medias,Mutz,
PANTY OPACA DE NENA NIBEL VERDE TALLE 3,700V3,PANTY OPACA DE NENA NIBEL VERDE TALLE 3,3,,599.17,,,21,294.89,Maga,,Medias,Nibel,
SLIP RAYADO ELEMENTO TALLE 5,7045,SLIP RAYADO ELEMENTO TALLE 5,6,,1165.29,,,21,665.74,Maga,,Boxers,Elemento Ropa,
SLIP RAYADO ELEMENTO TALLE 6,7046,SLIP RAYADO ELEMENTO TALLE 6,3,,1165.29,,,21,665.74,Maga,,Boxers,Elemento Ropa,
BOXER RAYADO ELEMENTO TALLE 1,7051,BOXER RAYADO ELEMENTO TALLE 1,6,,1280.99,,,21,749.71,Maga,,Boxers,Elemento Ropa,
BOXER RAYADO ELEMENTO TALLE 2,7052,BOXER RAYADO ELEMENTO TALLE 2,3,,1280.99,,,21,749.71,Maga,,Boxers,Elemento Ropa,
BOXER RAYADO ELEMENTO TALLE 3,7053,BOXER RAYADO ELEMENTO TALLE 3,6,,1280.99,,,21,749.71,Maga,,Boxers,Elemento Ropa,
BOXER RAYADO ELEMENTO TALLE 4,7054,BOXER RAYADO ELEMENTO TALLE 4,6,,1280.99,,,21,749.71,Maga,,Boxers,Elemento Ropa,
BOXER RAYADO ELEMENTO TALLE 6,7056,BOXER RAYADO ELEMENTO TALLE 6,4,,1280.99,,,21,749.71,Maga,,Boxers,Elemento Ropa,
CAMISETA DE MORLEY DE HOMBRE BLANCA TALLE 42,70BL42,CAMISETA DE MORLEY DE HOMBRE BLANCA TALLE 42,3,,1194.21,,,21,576,Maga,,Remeras y Camisetas,Mariana K,
CAMISETA DE MORLEY DE HOMBRE BLANCA TALLE 44,70BL44,CAMISETA DE MORLEY DE HOMBRE BLANCA TALLE 44,6,,1194.21,,,21,576,Maga,,Remeras y Camisetas,Mariana K,
CAMISETA DE MORLEY DE HOMBRE BLANCA TALLE 46,70BL46,CAMISETA DE MORLEY DE HOMBRE BLANCA TALLE 46,6,,1194.21,,,21,640,Maga,,Remeras y Camisetas,Mariana K,
CAMISETA DE MORLEY DE HOMBRE BLANCA TALLE 48,70BL48,CAMISETA DE MORLEY DE HOMBRE BLANCA TALLE 48,6,,1194.21,,,21,640,Maga,,Remeras y Camisetas,Mariana K,
CAMISETA DE MORLEY DE HOMBRE BLANCA TALLE 50,70BL50,CAMISETA DE MORLEY DE HOMBRE BLANCA TALLE 50,4,,1194.21,,,21,640,Maga,,Remeras y Camisetas,Mariana K,
PANTY LYCRA DANZAS ROSA TALLE 0,725R0,PANTY LYCRA DANZAS ROSA TALLE 0,3,,946.28,,,21,425.54,Maga,,Medias,Nibel,
LEGGINS LISA DE NENA SIN PIE CON LYCRA NEGRO TALLE 000,726N000,LEGGINS LISA DE NENA SIN PIE CON LYCRA NEGRO TALLE 000,3,,946.28,,,21,425.54,Maga,,Medias,Nibel,
PAR DE MEDIAS TERMICAS 3/4 TALLE 2 INFANTIL DE NENE ELEMENTO,740E2,PAR DE MEDIAS TERMICAS 3/4 TALLE 2 INFANTIL DE NENE ELEMENTO,4,,756.2,,,21,364.55,Maga,,Medias,Elemento,
PACK X 2 BOXERS DE NENE ESTAMPADOS BENGAL TALLE L,801L,PACK X 2 BOXERS DE NENE ESTAMPADOS BENGAL TALLE L,3,,1082.64,,,21,627.75,Maga,,Boxers,Cherry,
PACK X 2 BOXERS DE NENE ESTAMPADOS BENGAL TALLE XL,801XL,PACK X 2 BOXERS DE NENE ESTAMPADOS BENGAL TALLE XL,3,,1082.64,,,21,627.75,Maga,,Boxers,Cherry,
CAMISETA DE MORLEY DE NENA BEIGE TALLE 10,810BE10,CAMISETA DE MORLEY DE NENA BEIGE TALLE 10,3,,990.91,,,21,492,Maga,,Remeras y Camisetas,Mariana K,
BODY REDUCTOR MODELADOR SEAMLESS ARETHA BLANCO TALLE XXXL,838BLXXXL,BODY REDUCTOR MODELADOR SEAMLESS ARETHA BLANCO TALLE XXXL,3,,3421.49,,,21,2209.15,Maga,,Reductora,Aretha,
BODY REDUCTOR MODELADOR SEAMLESS ARETHA NEGRO TALLE L,838NEL,BODY REDUCTOR MODELADOR SEAMLESS ARETHA NEGRO TALLE L,3,,3421.49,,,21,2209.15,Maga,,Reductora,Aretha,
BODY REDUCTOR MODELADOR SEAMLESS ARETHA NOUGAT TALLE XXXL,838NOXXXL,BODY REDUCTOR MODELADOR SEAMLESS ARETHA NOUGAT TALLE XXXL,3,,3421.49,,,21,2209.15,Maga,,Reductora,Aretha,
CORPIÑO CON BROCHE DELANTERO SEAMLESS ARETHA BLANCO TALLE L,840BLL,CORPIÑO CON BROCHE DELANTERO SEAMLESS ARETHA BLANCO TALLE L,3,,2842.98,,,21,1784.15,Maga,,Basica,Aretha,
CORPIÑO CON BROCHE DELANTERO SEAMLESS ARETHA BLANCO TALLE M,840BLM,CORPIÑO CON BROCHE DELANTERO SEAMLESS ARETHA BLANCO TALLE M,4,,2842.98,,,21,1784.15,Maga,,Basica,Aretha,
CORPIÑO CON BROCHE DELANTERO SEAMLESS ARETHA BLANCO TALLE XXL,840BLXXL,CORPIÑO CON BROCHE DELANTERO SEAMLESS ARETHA BLANCO TALLE XXL,5,,2842.98,,,21,1784.15,Maga,,Basica,Aretha,
CORPIÑO CON BROCHE DELANTERO SEAMLESS ARETHA NEGRO TALLE M,840NEM,CORPIÑO CON BROCHE DELANTERO SEAMLESS ARETHA NEGRO TALLE M,3,,2842.98,,,21,1784.15,Maga,,Basica,Aretha,
CORPIÑO CON BROCHE DELANTERO SEAMLESS ARETHA NOUGAT TALLE L,840NOL,CORPIÑO CON BROCHE DELANTERO SEAMLESS ARETHA NOUGAT TALLE L,3,,2842.98,,,21,1784.15,Maga,,Basica,Aretha,
CORPIÑO CON BROCHE DELANTERO SEAMLESS ARETHA NOUGAT TALLE M,840NOM,CORPIÑO CON BROCHE DELANTERO SEAMLESS ARETHA NOUGAT TALLE M,3,,2842.98,,,21,1784.15,Maga,,Basica,Aretha,
CORPIÑO CON BROCHE DELANTERO SEAMLESS ARETHA NOUGAT TALLE XL,840NOXL,CORPIÑO CON BROCHE DELANTERO SEAMLESS ARETHA NOUGAT TALLE XL,3,,2842.98,,,21,1784.15,Maga,,Basica,Aretha,
REMERA TÉRMICA DEPORTIVA DE NENE AZUL TALLE XG,8663AXG,REMERA TÉRMICA DEPORTIVA DE NENE AZUL TALLE XG,3,,3052.89,,,21,1908.85,Maga,,Underware,Nibel,
CORPIÑO DEPORTIVO JUVENIL T 10,90210,CORPIÑO DEPORTIVO JUVENIL T 10,4,,628.1,,,21,352.47,Maga,,Basica,Cherry,
CORPIÑO DEPORTIVO JUVENIL T 12,90212,CORPIÑO DEPORTIVO JUVENIL T 12,4,,628.1,,,21,352.47,Maga,,Basica,Cherry,
CORPIÑO DEPORTIVO JUVENIL T 16,90216,CORPIÑO DEPORTIVO JUVENIL T 16,4,,628.1,,,21,352.47,Maga,,Basica,Cherry,
TOALLA DE SECADO RÁPIDO 80*160 NARANJA,9021NA,TOALLA DE SECADO RÁPIDO 80*160 NARANJA,5,,2768.6,,,21,1486.86,Maga,,Toallas,Amarelo,
PANTY INFANTIL COCOT AZUL TALLE 12,902AZ12,PANTY INFANTIL COCOT AZUL TALLE 12,3,,880.17,,,21,474.66,Maga,,Medias,Cocot,
PANTY INFANTIL COCOT AZUL TALLE 6,902AZ6,PANTY INFANTIL COCOT AZUL TALLE 6,6,,880.17,,,21,474.66,Maga,,Medias,Cocot,
PANTY INFANTIL COCOT AZUL TALLE 8,902AZ8,PANTY INFANTIL COCOT AZUL TALLE 8,3,,880.17,,,21,474.66,Maga,,Medias,Cocot,
PANTY INFANTIL COCOT BLANCA TALLE 10,902BL10,PANTY INFANTIL COCOT BLANCA TALLE 10,3,,880.17,,,21,474.66,Maga,,Medias,Cocot,
PANTY INFANTIL COCOT BLANCA TALLE 12,902BL12,PANTY INFANTIL COCOT BLANCA TALLE 12,4,,880.17,,,21,474.66,Maga,,Medias,Cocot,
PANTY INFANTIL COCOT BLANCA TALLE 6,902BL6,PANTY INFANTIL COCOT BLANCA TALLE 6,3,,880.17,,,21,474.66,Maga,,Medias,Cocot,
PANTY INFANTIL COCOT BLANCA TALLE 8,902BL8,PANTY INFANTIL COCOT BLANCA TALLE 8,3,,880.17,,,21,474.66,Maga,,Medias,Cocot,
PANTY INFANTIL COCOT BORDÓ TALLE 12,902BO12,PANTY INFANTIL COCOT BORDÓ TALLE 12,6,,880.17,,,21,474.66,Maga,,Medias,Cocot,
PANTY INFANTIL COCOT BORDÓ TALLE 6,902BO6,PANTY INFANTIL COCOT BORDÓ TALLE 6,6,,880.17,,,21,474.66,Maga,,Medias,Cocot,
PANTY INFANTIL COCOT BORDÓ TALLE 8,902BO8,PANTY INFANTIL COCOT BORDÓ TALLE 8,6,,880.17,,,21,474.66,Maga,,Medias,Cocot,
PANTY INFANTIL COCOT NEGRO TALLE 2/4,902NE4,PANTY INFANTIL COCOT NEGRO TALLE 2/4,3,,880.17,,,21,474.66,Maga,,Medias,Cocot,
PANTY INFANTIL COCOT NEGRO TALLE 6,902NE6,PANTY INFANTIL COCOT NEGRO TALLE 6,6,,880.17,,,21,474.66,Maga,,Medias,Cocot,
PANTY INFANTIL COCOT NEGRO TALLE 8,902NE8,PANTY INFANTIL COCOT NEGRO TALLE 8,5,,880.17,,,21,474.66,Maga,,Medias,Cocot,
PANTY INFANTIL COCOT ROJO TALLE 6,902RJ6,PANTY INFANTIL COCOT ROJO TALLE 6,5,,880.17,,,21,474.66,Maga,,Medias,Cocot,
PANTY INFANTIL COCOT ROSA TALLE 12,902RO12,PANTY INFANTIL COCOT ROSA TALLE 12,3,,880.17,,,21,474.66,Maga,,Medias,Cocot,
PANTY INFANTIL COCOT ROSA TALLE 6,902RO6,PANTY INFANTIL COCOT ROSA TALLE 6,3,,880.17,,,21,474.66,Maga,,Medias,Cocot,
PANTY INFANTIL COCOT ROSA TALLE 8,902RO8,PANTY INFANTIL COCOT ROSA TALLE 8,3,,880.17,,,21,474.66,Maga,,Medias,Cocot,
PANTY INFANTIL COCOT VERDE TALLE 10,902VE10,PANTY INFANTIL COCOT VERDE TALLE 10,6,,880.17,,,21,474.66,Maga,,Medias,Cocot,
PANTY INFANTIL COCOT VERDE TALLE 12,902VE12,PANTY INFANTIL COCOT VERDE TALLE 12,6,,880.17,,,21,474.66,Maga,,Medias,Cocot,
PANTY INFANTIL COCOT VERDE TALLE 2/4,902VE4,PANTY INFANTIL COCOT VERDE TALLE 2/4,4,,880.17,,,21,474.66,Maga,,Medias,Cocot,
"TOALLON PLAYERO 1,5M DIAMETRO BALI",9103B,"TOALLON PLAYERO 1,5M DIAMETRO BALI",4,,3140.5,,,21,1852.07,Maga,,Toallas,Amarelo,
"TOALLON PLAYERO 1,5M DIAMETRO BORA BORA",9103C,"TOALLON PLAYERO 1,5M DIAMETRO BORA BORA",4,,3140.5,,,21,1852.07,Maga,,Toallas,Amarelo,
"TOALLON PLAYERO 1,5M DIAMETRO IBIZA",9103E,"TOALLON PLAYERO 1,5M DIAMETRO IBIZA",3,,3140.5,,,21,1852.07,Maga,,Toallas,Amarelo,
COLALESS ALGODÓN PEINADO TE,916TE,COLALESS ALGODÓN PEINADO TE,3,,574.38,,,21,292.95,Maga,,Basica,Cherry,
CALZA TRAMADA LISA NIBEL AZUL TALLE PM,992APM,CALZA TRAMADA LISA NIBEL AZUL TALLE PM,3,,2804.96,,,21,1736.96,Maga,,Deportivo,Nibel,
BOXER DE DAMA ALGODÓN PEINADO TALLE L,996L,BOXER DE DAMA ALGODÓN PEINADO TALLE L,4,,1000,,,21,534.75,Maga,,Basica,Cherry,
BOXER DE DAMA ALGODÓN PEINADO TALLE M,996M,BOXER DE DAMA ALGODÓN PEINADO TALLE M,3,,1000,,,21,534.75,Maga,,Basica,Cherry,
BOXER DE DAMA ALGODÓN PEINADO TALLE S,996S,BOXER DE DAMA ALGODÓN PEINADO TALLE S,4,,1000,,,21,534.75,Maga,,Basica,Cherry,
PACK POR 8 BOMBACHAS NENA ALGODÓN TALLE 3 FULL,FULLCO10003X8,PACK POR 8 BOMBACHAS NENA ALGODÓN TALLE 3 FULL,5,,1033.06,,,21,566.64,Maga,,Basica,Ross,
6 BOXERS BARAK NIÑO LISO FULL,FULLCO10110X6,6 BOXERS BARAK NIÑO LISO FULL,3,,1942.15,,,21,1289.28,Maga,,Boxers,Barak,
6 BOXERS BARAK NIÑO LISO FULL,FULLCO1016X6,6 BOXERS BARAK NIÑO LISO FULL,6,,1942.15,,,21,1289.28,Maga,,Boxers,Barak,
6 BOXERS BARAK TEEN LISO FULL,FULLCO20112X6,6 BOXERS BARAK TEEN LISO FULL,5,,2256.2,,,21,1487.58,Maga,,Boxers,Barak,
PAR DE MEDIAS TÉRMICAS DE MUJER PUÑO LIGHT FLOYD,MJ15,PAR DE MEDIAS TÉRMICAS DE MUJER PUÑO LIGHT FLOYD,4,,640.5,,,21,323.33,Maga,,Medias,Floyd,
PAR DE MEDIAS TÉRMICAS DE MUJER LISAS FLOYD,MJ19,PAR DE MEDIAS TÉRMICAS DE MUJER LISAS FLOYD,3,,723.14,,,21,372,Maga,,Medias,Floyd,
PAR DE MEDIAS DE HOMBRE RHYTON,MM,PAR DE MEDIAS DE HOMBRE RHYTON,6,,425.62,,,21,247.25,Maga,,Medias,Rhyton,
PAR DE SOQUETES DE HOMBRE RHYTON,ZZ,PAR DE SOQUETES DE HOMBRE RHYTON,5,,309.92,,,21,167.01,Maga,,Medias,Rhyton,
PAR DE SOQUETES LISOS DE HOMBRE RHYTON,100L,PAR DE SOQUETES LISOS DE HOMBRE RHYTON,67,,309.92,,,21,167.01,Maga,,OTRO,Rhyton,
SUECO DE GOMA SEAWALK AZUL NAVY TALLE 19-20,100NAVYT1920,SUECO DE GOMA SEAWALK AZUL NAVY TALLE 19-20,67,,2347.11,,,21,1452.55,Maga,,OTRO,Seawalk,
SUECO DE GOMA SEAWALK AZUL NAVY TALLE 21-22,100NAVYT2122,SUECO DE GOMA SEAWALK AZUL NAVY TALLE 21-22,4,,2347.11,,,21,1452.55,Maga,,OTRO,Seawalk,
SUECO DE GOMA SEAWALK AZUL NAVY TALLE 23-24,100NAVYT2324,SUECO DE GOMA SEAWALK AZUL NAVY TALLE 23-24,3,,2347.11,,,21,1452.55,Maga,,OTRO,Seawalk,
SUECO DE GOMA SEAWALK AZUL NAVY TALLE 25-26,100NAVYT2526,SUECO DE GOMA SEAWALK AZUL NAVY TALLE 25-26,2,,2347.11,,,21,1452.55,Maga,,OTRO,Seawalk,
SUECO DE GOMA SEAWALK AZUL NAVY TALLE 33-34,100NAVYT3334,SUECO DE GOMA SEAWALK AZUL NAVY TALLE 33-34,76,,2347.11,,,21,1452.55,Maga,,Medias,Seawalk,
PAR DE SOQUETES RAYADOS DE HOMBRE RHYTON,100R,PAR DE SOQUETES RAYADOS DE HOMBRE RHYTON,76,,309.92,,,21,167.01,Maga,,Medias,Rhyton,
SUECO DE GOMA SEAWALK VERDE TALLE 19-20,100VERDET1920,SUECO DE GOMA SEAWALK VERDE TALLE 19-20,10,,2347.11,,,21,1452.55,Maga,,Medias,Seawalk,
SUECO DE GOMA SEAWALK VERDE TALLE 21-22,100VERDET2122,SUECO DE GOMA SEAWALK VERDE TALLE 21-22,10,,2347.11,,,21,1452.55,Maga,,Medias,Seawalk,
SUECO DE GOMA SEAWALK VERDE TALLE 23-24,100VERDET2324,SUECO DE GOMA SEAWALK VERDE TALLE 23-24,10,,2347.11,,,21,1452.55,Maga,,Medias,Seawalk,
SUECO DE GOMA SEAWALK VERDE TALLE 25-26,100VERDET2526,SUECO DE GOMA SEAWALK VERDE TALLE 25-26,8,,2347.11,,,21,1452.55,Maga,,Medias,Seawalk,
SUECO DE GOMA SEAWALK VERDE TALLE 27-28,100VERDET2728,SUECO DE GOMA SEAWALK VERDE TALLE 27-28,9,,2347.11,,,21,1452.55,Maga,,Medias,Seawalk,
